run_number,perseverance,eq_step,max_steps,eq_percent
1,0.25,164,1000,0.164
2,0.25,195,1000,0.195
3,0.25,207,1000,0.207
4,0.25,206,1000,0.206
5,0.25,0,1000,0
6,0.25,248,1000,0.248
7,0.25,288,1000,0.288
8,0.25,70,1000,0.07
9,0.25,197,1000,0.197
10,0.25,154,1000,0.154
11,0.25,84,1000,0.084
12,0.5,60,1000,0.06
13,0.5,127,1000,0.127
14,0.5,106,1000,0.106
15,0.5,136,1000,0.136
16,0.5,126,1000,0.126
17,0.5,96,1000,0.096
18,0.5,0,1000,0
19,0.5,240,1000,0.24
20,0.5,110,1000,0.11
21,0.5,89,1000,0.089
22,0.5,56,1000,0.056
23,1,47,1000,0.047
24,1,78,1000,0.078
25,1,741,1000,0.741
26,1,122,1000,0.122
27,1,188,1000,0.188
28,1,144,1000,0.144
29,1,67,1000,0.067
30,1,132,1000,0.132
31,1,98,1000,0.098
32,1,92,1000,0.092
33,1,58,1000,0.058
34,2,51,1000,0.051
35,2,156,1000,0.156
36,2,112,1000,0.112
37,2,155,1000,0.155
38,2,98,1000,0.098
39,2,80,1000,0.08
40,2,94,1000,0.094
41,2,126,1000,0.126
42,2,89,1000,0.089
43,2,73,1000,0.073
44,2,68,1000,0.068
45,3,62,1000,0.062
46,3,80,1000,0.08
47,3,53,1000,0.053
48,3,48,1000,0.048
49,3,197,1000,0.197
50,3,137,1000,0.137
51,3,125,1000,0.125
52,3,90,1000,0.09
53,3,105,1000,0.105
54,3,87,1000,0.087
55,3,44,1000,0.044
56,0.25,175,1000,0.175
57,0.25,148,1000,0.148
58,0.25,583,1000,0.583
59,0.25,98,1000,0.098
60,0.25,24,1000,0.024
61,0.25,113,1000,0.113
62,0.25,486,1000,0.486
63,0.25,30,1000,0.03
64,0.25,172,1000,0.172
65,0.25,130,1000,0.13
66,0.25,99,1000,0.099
67,0.5,66,1000,0.066
68,0.5,107,1000,0.107
69,0.5,118,1000,0.118
70,0.5,139,1000,0.139
71,0.5,511,1000,0.511
72,0.5,59,1000,0.059
73,0.5,592,1000,0.592
74,0.5,114,1000,0.114
75,0.5,125,1000,0.125
76,0.5,102,1000,0.102
77,0.5,66,1000,0.066
78,1,49,1000,0.049
79,1,83,1000,0.083
80,1,90,1000,0.09
81,1,68,1000,0.068
82,1,179,1000,0.179
83,1,82,1000,0.082
84,1,134,1000,0.134
85,1,148,1000,0.148
86,1,103,1000,0.103
87,1,99,1000,0.099
88,1,60,1000,0.06
89,2,55,1000,0.055
90,2,88,1000,0.088
91,2,88,1000,0.088
92,2,118,1000,0.118
93,2,863,1000,0.863
94,2,368,1000,0.368
95,2,805,1000,0.805
96,2,103,1000,0.103
97,2,86,1000,0.086
98,2,108,1000,0.108
99,2,55,1000,0.055
100,3,66,1000,0.066
101,3,76,1000,0.076
102,3,126,1000,0.126
103,3,162,1000,0.162
104,3,124,1000,0.124
105,3,141,1000,0.141
106,3,156,1000,0.156
107,3,142,1000,0.142
108,3,26,1000,0.026
109,3,73,1000,0.073
110,3,53,1000,0.053
111,0.25,103,1000,0.103
112,0.25,106,1000,0.106
113,0.25,228,1000,0.228
114,0.25,263,1000,0.263
115,0.25,345,1000,0.345
116,0.25,420,1000,0.42
117,0.25,307,1000,0.307
118,0.25,235,1000,0.235
119,0.25,204,1000,0.204
120,0.25,147,1000,0.147
121,0.25,93,1000,0.093
122,0.5,73,1000,0.073
123,0.5,86,1000,0.086
124,0.5,118,1000,0.118
125,0.5,176,1000,0.176
126,0.5,166,1000,0.166
127,0.5,187,1000,0.187
128,0.5,153,1000,0.153
129,0.5,137,1000,0.137
130,0.5,100,1000,0.1
131,0.5,125,1000,0.125
132,0.5,136,1000,0.136
133,1,70,1000,0.07
134,1,79,1000,0.079
135,1,98,1000,0.098
136,1,390,1000,0.39
137,1,689,1000,0.689
138,1,580,1000,0.58
139,1,115,1000,0.115
140,1,130,1000,0.13
141,1,120,1000,0.12
142,1,77,1000,0.077
143,1,53,1000,0.053
144,2,72,1000,0.072
145,2,128,1000,0.128
146,2,95,1000,0.095
147,2,703,1000,0.703
148,2,129,1000,0.129
149,2,100,1000,0.1
150,2,240,1000,0.24
151,2,419,1000,0.419
152,2,63,1000,0.063
153,2,84,1000,0.084
154,2,54,1000,0.054
155,3,52,1000,0.052
156,3,73,1000,0.073
157,3,142,1000,0.142
158,3,129,1000,0.129
159,3,82,1000,0.082
160,3,108,1000,0.108
161,3,0,1000,0
162,3,161,1000,0.161
163,3,154,1000,0.154
164,3,73,1000,0.073
165,3,74,1000,0.074
166,0.25,108,1000,0.108
167,0.25,158,1000,0.158
168,0.25,72,1000,0.072
169,0.25,191,1000,0.191
170,0.25,324,1000,0.324
171,0.25,421,1000,0.421
172,0.25,201,1000,0.201
173,0.25,338,1000,0.338
174,0.25,197,1000,0.197
175,0.25,168,1000,0.168
176,0.25,191,1000,0.191
177,0.5,86,1000,0.086
178,0.5,175,1000,0.175
179,0.5,117,1000,0.117
180,0.5,0,1000,0
181,0.5,116,1000,0.116
182,0.5,214,1000,0.214
183,0.5,684,1000,0.684
184,0.5,105,1000,0.105
185,0.5,143,1000,0.143
186,0.5,88,1000,0.088
187,0.5,77,1000,0.077
188,1,118,1000,0.118
189,1,74,1000,0.074
190,1,112,1000,0.112
191,1,122,1000,0.122
192,1,322,1000,0.322
193,1,113,1000,0.113
194,1,421,1000,0.421
195,1,32,1000,0.032
196,1,98,1000,0.098
197,1,93,1000,0.093
198,1,48,1000,0.048
199,2,58,1000,0.058
200,2,390,1000,0.39
201,2,97,1000,0.097
202,2,93,1000,0.093
203,2,118,1000,0.118
204,2,13,1000,0.013
205,2,138,1000,0.138
206,2,121,1000,0.121
207,2,198,1000,0.198
208,2,71,1000,0.071
209,2,52,1000,0.052
210,3,71,1000,0.071
211,3,78,1000,0.078
212,3,531,1000,0.531
213,3,91,1000,0.091
214,3,76,1000,0.076
215,3,93,1000,0.093
216,3,155,1000,0.155
217,3,73,1000,0.073
218,3,116,1000,0.116
219,3,66,1000,0.066
220,3,45,1000,0.045
221,0.25,123,1000,0.123
222,0.25,172,1000,0.172
223,0.25,322,1000,0.322
224,0.25,218,1000,0.218
225,0.25,227,1000,0.227
226,0.25,23,1000,0.023
227,0.25,429,1000,0.429
228,0.25,272,1000,0.272
229,0.25,86,1000,0.086
230,0.25,149,1000,0.149
231,0.25,103,1000,0.103
232,0.5,57,1000,0.057
233,0.5,88,1000,0.088
234,0.5,132,1000,0.132
235,0.5,183,1000,0.183
236,0.5,205,1000,0.205
237,0.5,310,1000,0.31
238,0.5,186,1000,0.186
239,0.5,85,1000,0.085
240,0.5,128,1000,0.128
241,0.5,92,1000,0.092
242,0.5,81,1000,0.081
243,1,55,1000,0.055
244,1,127,1000,0.127
245,1,44,1000,0.044
246,1,27,1000,0.027
247,1,116,1000,0.116
248,1,156,1000,0.156
249,1,201,1000,0.201
250,1,102,1000,0.102
251,1,123,1000,0.123
252,1,160,1000,0.16
253,1,61,1000,0.061
254,2,60,1000,0.06
255,2,69,1000,0.069
256,2,120,1000,0.12
257,2,98,1000,0.098
258,2,177,1000,0.177
259,2,111,1000,0.111
260,2,198,1000,0.198
261,2,68,1000,0.068
262,2,270,1000,0.27
263,2,81,1000,0.081
264,2,54,1000,0.054
265,3,56,1000,0.056
266,3,101,1000,0.101
267,3,84,1000,0.084
268,3,118,1000,0.118
269,3,95,1000,0.095
270,3,155,1000,0.155
271,3,469,1000,0.469
272,3,125,1000,0.125
273,3,88,1000,0.088
274,3,77,1000,0.077
275,3,45,1000,0.045
276,0.25,89,1000,0.089
277,0.25,181,1000,0.181
278,0.25,240,1000,0.24
279,0.25,371,1000,0.371
280,0.25,200,1000,0.2
281,0.25,792,1000,0.792
282,0.25,346,1000,0.346
283,0.25,325,1000,0.325
284,0.25,172,1000,0.172
285,0.25,180,1000,0.18
286,0.25,145,1000,0.145
287,0.5,96,1000,0.096
288,0.5,98,1000,0.098
289,0.5,127,1000,0.127
290,0.5,170,1000,0.17
291,0.5,746,1000,0.746
292,0.5,24,1000,0.024
293,0.5,183,1000,0.183
294,0.5,80,1000,0.08
295,0.5,104,1000,0.104
296,0.5,18,1000,0.018
297,0.5,77,1000,0.077
298,1,92,1000,0.092
299,1,101,1000,0.101
300,1,60,1000,0.06
301,1,602,1000,0.602
302,1,78,1000,0.078
303,1,138,1000,0.138
304,1,150,1000,0.15
305,1,126,1000,0.126
306,1,256,1000,0.256
307,1,60,1000,0.06
308,1,54,1000,0.054
309,2,55,1000,0.055
310,2,77,1000,0.077
311,2,81,1000,0.081
312,2,117,1000,0.117
313,2,0,1000,0
314,2,189,1000,0.189
315,2,33,1000,0.033
316,2,100,1000,0.1
317,2,27,1000,0.027
318,2,89,1000,0.089
319,2,63,1000,0.063
320,3,61,1000,0.061
321,3,61,1000,0.061
322,3,103,1000,0.103
323,3,123,1000,0.123
324,3,164,1000,0.164
325,3,261,1000,0.261
326,3,133,1000,0.133
327,3,27,1000,0.027
328,3,97,1000,0.097
329,3,88,1000,0.088
330,3,58,1000,0.058
331,0.25,98,1000,0.098
332,0.25,162,1000,0.162
333,0.25,226,1000,0.226
334,0.25,196,1000,0.196
335,0.25,77,1000,0.077
336,0.25,352,1000,0.352
337,0.25,342,1000,0.342
338,0.25,211,1000,0.211
339,0.25,414,1000,0.414
340,0.25,142,1000,0.142
341,0.25,149,1000,0.149
342,0.5,54,1000,0.054
343,0.5,82,1000,0.082
344,0.5,55,1000,0.055
345,0.5,83,1000,0.083
346,0.5,233,1000,0.233
347,0.5,159,1000,0.159
348,0.5,157,1000,0.157
349,0.5,184,1000,0.184
350,0.5,102,1000,0.102
351,0.5,78,1000,0.078
352,0.5,67,1000,0.067
353,1,58,1000,0.058
354,1,69,1000,0.069
355,1,97,1000,0.097
356,1,165,1000,0.165
357,1,108,1000,0.108
358,1,100,1000,0.1
359,1,95,1000,0.095
360,1,73,1000,0.073
361,1,91,1000,0.091
362,1,83,1000,0.083
363,1,69,1000,0.069
364,2,45,1000,0.045
365,2,78,1000,0.078
366,2,106,1000,0.106
367,2,62,1000,0.062
368,2,174,1000,0.174
369,2,230,1000,0.23
370,2,76,1000,0.076
371,2,119,1000,0.119
372,2,121,1000,0.121
373,2,135,1000,0.135
374,2,59,1000,0.059
375,3,50,1000,0.05
376,3,90,1000,0.09
377,3,103,1000,0.103
378,3,96,1000,0.096
379,3,138,1000,0.138
380,3,139,1000,0.139
381,3,284,1000,0.284
382,3,276,1000,0.276
383,3,91,1000,0.091
384,3,104,1000,0.104
385,3,69,1000,0.069
386,0.25,109,1000,0.109
387,0.25,42,1000,0.042
388,0.25,266,1000,0.266
389,0.25,543,1000,0.543
390,0.25,262,1000,0.262
391,0.25,404,1000,0.404
392,0.25,301,1000,0.301
393,0.25,306,1000,0.306
394,0.25,223,1000,0.223
395,0.25,146,1000,0.146
396,0.25,91,1000,0.091
397,0.5,70,1000,0.07
398,0.5,96,1000,0.096
399,0.5,120,1000,0.12
400,0.5,97,1000,0.097
401,0.5,114,1000,0.114
402,0.5,142,1000,0.142
403,0.5,88,1000,0.088
404,0.5,99,1000,0.099
405,0.5,292,1000,0.292
406,0.5,108,1000,0.108
407,0.5,58,1000,0.058
408,1,62,1000,0.062
409,1,77,1000,0.077
410,1,87,1000,0.087
411,1,81,1000,0.081
412,1,132,1000,0.132
413,1,106,1000,0.106
414,1,119,1000,0.119
415,1,105,1000,0.105
416,1,88,1000,0.088
417,1,91,1000,0.091
418,1,66,1000,0.066
419,2,47,1000,0.047
420,2,71,1000,0.071
421,2,79,1000,0.079
422,2,144,1000,0.144
423,2,8,1000,0.008
424,2,94,1000,0.094
425,2,166,1000,0.166
426,2,109,1000,0.109
427,2,108,1000,0.108
428,2,63,1000,0.063
429,2,47,1000,0.047
430,3,56,1000,0.056
431,3,88,1000,0.088
432,3,94,1000,0.094
433,3,143,1000,0.143
434,3,265,1000,0.265
435,3,8,1000,0.008
436,3,480,1000,0.48
437,3,134,1000,0.134
438,3,85,1000,0.085
439,3,77,1000,0.077
440,3,0,1000,0
441,0.25,96,1000,0.096
442,0.25,157,1000,0.157
443,0.25,174,1000,0.174
444,0.25,225,1000,0.225
445,0.25,224,1000,0.224
446,0.25,358,1000,0.358
447,0.25,620,1000,0.62
448,0.25,315,1000,0.315
449,0.25,161,1000,0.161
450,0.25,129,1000,0.129
451,0.25,122,1000,0.122
452,0.5,57,1000,0.057
453,0.5,99,1000,0.099
454,0.5,152,1000,0.152
455,0.5,155,1000,0.155
456,0.5,170,1000,0.17
457,0.5,218,1000,0.218
458,0.5,239,1000,0.239
459,0.5,160,1000,0.16
460,0.5,547,1000,0.547
461,0.5,88,1000,0.088
462,0.5,56,1000,0.056
463,1,82,1000,0.082
464,1,101,1000,0.101
465,1,87,1000,0.087
466,1,113,1000,0.113
467,1,137,1000,0.137
468,1,93,1000,0.093
469,1,251,1000,0.251
470,1,144,1000,0.144
471,1,137,1000,0.137
472,1,85,1000,0.085
473,1,54,1000,0.054
474,2,70,1000,0.07
475,2,70,1000,0.07
476,2,133,1000,0.133
477,2,86,1000,0.086
478,2,151,1000,0.151
479,2,190,1000,0.19
480,2,110,1000,0.11
481,2,300,1000,0.3
482,2,86,1000,0.086
483,2,80,1000,0.08
484,2,51,1000,0.051
485,3,94,1000,0.094
486,3,114,1000,0.114
487,3,94,1000,0.094
488,3,93,1000,0.093
489,3,234,1000,0.234
490,3,195,1000,0.195
491,3,144,1000,0.144
492,3,57,1000,0.057
493,3,107,1000,0.107
494,3,74,1000,0.074
495,3,61,1000,0.061
496,0.25,107,1000,0.107
497,0.25,178,1000,0.178
498,0.25,231,1000,0.231
499,0.25,269,1000,0.269
500,0.25,223,1000,0.223
501,0.25,224,1000,0.224
502,0.25,190,1000,0.19
503,0.25,234,1000,0.234
504,0.25,594,1000,0.594
505,0.25,149,1000,0.149
506,0.25,118,1000,0.118
507,0.5,78,1000,0.078
508,0.5,131,1000,0.131
509,0.5,158,1000,0.158
510,0.5,139,1000,0.139
511,0.5,126,1000,0.126
512,0.5,118,1000,0.118
513,0.5,195,1000,0.195
514,0.5,128,1000,0.128
515,0.5,105,1000,0.105
516,0.5,80,1000,0.08
517,0.5,89,1000,0.089
518,1,51,1000,0.051
519,1,74,1000,0.074
520,1,85,1000,0.085
521,1,413,1000,0.413
522,1,106,1000,0.106
523,1,85,1000,0.085
524,1,91,1000,0.091
525,1,109,1000,0.109
526,1,139,1000,0.139
527,1,75,1000,0.075
528,1,64,1000,0.064
529,2,63,1000,0.063
530,2,77,1000,0.077
531,2,92,1000,0.092
532,2,91,1000,0.091
533,2,128,1000,0.128
534,2,119,1000,0.119
535,2,269,1000,0.269
536,2,100,1000,0.1
537,2,151,1000,0.151
538,2,71,1000,0.071
539,2,50,1000,0.05
540,3,60,1000,0.06
541,3,72,1000,0.072
542,3,58,1000,0.058
543,3,40,1000,0.04
544,3,120,1000,0.12
545,3,96,1000,0.096
546,3,125,1000,0.125
547,3,29,1000,0.029
548,3,64,1000,0.064
549,3,70,1000,0.07
550,3,65,1000,0.065
551,0.25,153,1000,0.153
552,0.25,161,1000,0.161
553,0.25,186,1000,0.186
554,0.25,256,1000,0.256
555,0.25,187,1000,0.187
556,0.25,223,1000,0.223
557,0.25,717,1000,0.717
558,0.25,240,1000,0.24
559,0.25,160,1000,0.16
560,0.25,197,1000,0.197
561,0.25,140,1000,0.14
562,0.5,67,1000,0.067
563,0.5,113,1000,0.113
564,0.5,297,1000,0.297
565,0.5,131,1000,0.131
566,0.5,661,1000,0.661
567,0.5,106,1000,0.106
568,0.5,232,1000,0.232
569,0.5,135,1000,0.135
570,0.5,112,1000,0.112
571,0.5,89,1000,0.089
572,0.5,75,1000,0.075
573,1,51,1000,0.051
574,1,90,1000,0.09
575,1,96,1000,0.096
576,1,123,1000,0.123
577,1,23,1000,0.023
578,1,120,1000,0.12
579,1,90,1000,0.09
580,1,109,1000,0.109
581,1,52,1000,0.052
582,1,28,1000,0.028
583,1,60,1000,0.06
584,2,52,1000,0.052
585,2,95,1000,0.095
586,2,97,1000,0.097
587,2,93,1000,0.093
588,2,316,1000,0.316
589,2,38,1000,0.038
590,2,507,1000,0.507
591,2,123,1000,0.123
592,2,85,1000,0.085
593,2,62,1000,0.062
594,2,39,1000,0.039
595,3,48,1000,0.048
596,3,93,1000,0.093
597,3,0,1000,0
598,3,104,1000,0.104
599,3,119,1000,0.119
600,3,86,1000,0.086
601,3,121,1000,0.121
602,3,639,1000,0.639
603,3,75,1000,0.075
604,3,100,1000,0.1
605,3,52,1000,0.052
606,0.25,91,1000,0.091
607,0.25,171,1000,0.171
608,0.25,393,1000,0.393
609,0.25,276,1000,0.276
610,0.25,123,1000,0.123
611,0.25,151,1000,0.151
612,0.25,233,1000,0.233
613,0.25,123,1000,0.123
614,0.25,260,1000,0.26
615,0.25,143,1000,0.143
616,0.25,91,1000,0.091
617,0.5,72,1000,0.072
618,0.5,102,1000,0.102
619,0.5,131,1000,0.131
620,0.5,125,1000,0.125
621,0.5,65,1000,0.065
622,0.5,155,1000,0.155
623,0.5,161,1000,0.161
624,0.5,161,1000,0.161
625,0.5,47,1000,0.047
626,0.5,110,1000,0.11
627,0.5,77,1000,0.077
628,1,54,1000,0.054
629,1,81,1000,0.081
630,1,96,1000,0.096
631,1,117,1000,0.117
632,1,94,1000,0.094
633,1,6,1000,0.006
634,1,338,1000,0.338
635,1,337,1000,0.337
636,1,226,1000,0.226
637,1,77,1000,0.077
638,1,77,1000,0.077
639,2,53,1000,0.053
640,2,121,1000,0.121
641,2,208,1000,0.208
642,2,97,1000,0.097
643,2,110,1000,0.11
644,2,58,1000,0.058
645,2,97,1000,0.097
646,2,111,1000,0.111
647,2,150,1000,0.15
648,2,69,1000,0.069
649,2,58,1000,0.058
650,3,58,1000,0.058
651,3,97,1000,0.097
652,3,118,1000,0.118
653,3,107,1000,0.107
654,3,134,1000,0.134
655,3,592,1000,0.592
656,3,78,1000,0.078
657,3,337,1000,0.337
658,3,82,1000,0.082
659,3,71,1000,0.071
660,3,44,1000,0.044
661,0.25,99,1000,0.099
662,0.25,144,1000,0.144
663,0.25,391,1000,0.391
664,0.25,112,1000,0.112
665,0.25,600,1000,0.6
666,0.25,334,1000,0.334
667,0.25,387,1000,0.387
668,0.25,32,1000,0.032
669,0.25,167,1000,0.167
670,0.25,139,1000,0.139
671,0.25,118,1000,0.118
672,0.5,64,1000,0.064
673,0.5,92,1000,0.092
674,0.5,140,1000,0.14
675,0.5,169,1000,0.169
676,0.5,49,1000,0.049
677,0.5,370,1000,0.37
678,0.5,119,1000,0.119
679,0.5,147,1000,0.147
680,0.5,136,1000,0.136
681,0.5,86,1000,0.086
682,0.5,59,1000,0.059
683,1,71,1000,0.071
684,1,81,1000,0.081
685,1,206,1000,0.206
686,1,113,1000,0.113
687,1,154,1000,0.154
688,1,331,1000,0.331
689,1,230,1000,0.23
690,1,768,1000,0.768
691,1,114,1000,0.114
692,1,79,1000,0.079
693,1,118,1000,0.118
694,2,71,1000,0.071
695,2,69,1000,0.069
696,2,78,1000,0.078
697,2,88,1000,0.088
698,2,7,1000,0.007
699,2,328,1000,0.328
700,2,247,1000,0.247
701,2,366,1000,0.366
702,2,77,1000,0.077
703,2,81,1000,0.081
704,2,57,1000,0.057
705,3,52,1000,0.052
706,3,103,1000,0.103
707,3,20,1000,0.02
708,3,93,1000,0.093
709,3,191,1000,0.191
710,3,100,1000,0.1
711,3,76,1000,0.076
712,3,122,1000,0.122
713,3,623,1000,0.623
714,3,59,1000,0.059
715,3,56,1000,0.056
716,0.25,149,1000,0.149
717,0.25,172,1000,0.172
718,0.25,227,1000,0.227
719,0.25,404,1000,0.404
720,0.25,410,1000,0.41
721,0.25,241,1000,0.241
722,0.25,296,1000,0.296
723,0.25,147,1000,0.147
724,0.25,212,1000,0.212
725,0.25,186,1000,0.186
726,0.25,78,1000,0.078
727,0.5,66,1000,0.066
728,0.5,135,1000,0.135
729,0.5,172,1000,0.172
730,0.5,145,1000,0.145
731,0.5,156,1000,0.156
732,0.5,95,1000,0.095
733,0.5,160,1000,0.16
734,0.5,140,1000,0.14
735,0.5,102,1000,0.102
736,0.5,128,1000,0.128
737,0.5,65,1000,0.065
738,1,70,1000,0.07
739,1,69,1000,0.069
740,1,108,1000,0.108
741,1,113,1000,0.113
742,1,210,1000,0.21
743,1,89,1000,0.089
744,1,250,1000,0.25
745,1,124,1000,0.124
746,1,113,1000,0.113
747,1,88,1000,0.088
748,1,56,1000,0.056
749,2,59,1000,0.059
750,2,31,1000,0.031
751,2,14,1000,0.014
752,2,71,1000,0.071
753,2,379,1000,0.379
754,2,95,1000,0.095
755,2,578,1000,0.578
756,2,93,1000,0.093
757,2,47,1000,0.047
758,2,59,1000,0.059
759,2,48,1000,0.048
760,3,59,1000,0.059
761,3,61,1000,0.061
762,3,140,1000,0.14
763,3,130,1000,0.13
764,3,119,1000,0.119
765,3,78,1000,0.078
766,3,42,1000,0.042
767,3,126,1000,0.126
768,3,132,1000,0.132
769,3,81,1000,0.081
770,3,50,1000,0.05
771,0.25,154,1000,0.154
772,0.25,202,1000,0.202
773,0.25,146,1000,0.146
774,0.25,218,1000,0.218
775,0.25,706,1000,0.706
776,0.25,300,1000,0.3
777,0.25,192,1000,0.192
778,0.25,187,1000,0.187
779,0.25,124,1000,0.124
780,0.25,174,1000,0.174
781,0.25,76,1000,0.076
782,0.5,53,1000,0.053
783,0.5,101,1000,0.101
784,0.5,197,1000,0.197
785,0.5,20,1000,0.02
786,0.5,112,1000,0.112
787,0.5,208,1000,0.208
788,0.5,171,1000,0.171
789,0.5,99,1000,0.099
790,0.5,121,1000,0.121
791,0.5,76,1000,0.076
792,0.5,79,1000,0.079
793,1,61,1000,0.061
794,1,88,1000,0.088
795,1,415,1000,0.415
796,1,243,1000,0.243
797,1,527,1000,0.527
798,1,219,1000,0.219
799,1,107,1000,0.107
800,1,17,1000,0.017
801,1,95,1000,0.095
802,1,66,1000,0.066
803,1,45,1000,0.045
804,2,44,1000,0.044
805,2,70,1000,0.07
806,2,90,1000,0.09
807,2,121,1000,0.121
808,2,78,1000,0.078
809,2,61,1000,0.061
810,2,324,1000,0.324
811,2,87,1000,0.087
812,2,105,1000,0.105
813,2,72,1000,0.072
814,2,70,1000,0.07
815,3,48,1000,0.048
816,3,66,1000,0.066
817,3,188,1000,0.188
818,3,132,1000,0.132
819,3,205,1000,0.205
820,3,245,1000,0.245
821,3,40,1000,0.04
822,3,125,1000,0.125
823,3,89,1000,0.089
824,3,76,1000,0.076
825,3,61,1000,0.061
826,0.25,117,1000,0.117
827,0.25,142,1000,0.142
828,0.25,204,1000,0.204
829,0.25,239,1000,0.239
830,0.25,265,1000,0.265
831,0.25,301,1000,0.301
832,0.25,162,1000,0.162
833,0.25,649,1000,0.649
834,0.25,168,1000,0.168
835,0.25,161,1000,0.161
836,0.25,112,1000,0.112
837,0.5,61,1000,0.061
838,0.5,104,1000,0.104
839,0.5,128,1000,0.128
840,0.5,42,1000,0.042
841,0.5,91,1000,0.091
842,0.5,12,1000,0.012
843,0.5,64,1000,0.064
844,0.5,355,1000,0.355
845,0.5,83,1000,0.083
846,0.5,96,1000,0.096
847,0.5,69,1000,0.069
848,1,58,1000,0.058
849,1,32,1000,0.032
850,1,102,1000,0.102
851,1,146,1000,0.146
852,1,158,1000,0.158
853,1,119,1000,0.119
854,1,137,1000,0.137
855,1,5,1000,0.005
856,1,117,1000,0.117
857,1,380,1000,0.38
858,1,70,1000,0.07
859,2,43,1000,0.043
860,2,65,1000,0.065
861,2,102,1000,0.102
862,2,51,1000,0.051
863,2,143,1000,0.143
864,2,99,1000,0.099
865,2,0,1000,0
866,2,81,1000,0.081
867,2,72,1000,0.072
868,2,85,1000,0.085
869,2,49,1000,0.049
870,3,60,1000,0.06
871,3,59,1000,0.059
872,3,88,1000,0.088
873,3,127,1000,0.127
874,3,107,1000,0.107
875,3,141,1000,0.141
876,3,139,1000,0.139
877,3,71,1000,0.071
878,3,119,1000,0.119
879,3,94,1000,0.094
880,3,53,1000,0.053
881,0.25,70,1000,0.07
882,0.25,164,1000,0.164
883,0.25,177,1000,0.177
884,0.25,664,1000,0.664
885,0.25,220,1000,0.22
886,0.25,273,1000,0.273
887,0.25,20,1000,0.02
888,0.25,202,1000,0.202
889,0.25,251,1000,0.251
890,0.25,165,1000,0.165
891,0.25,91,1000,0.091
892,0.5,97,1000,0.097
893,0.5,76,1000,0.076
894,0.5,160,1000,0.16
895,0.5,72,1000,0.072
896,0.5,94,1000,0.094
897,0.5,145,1000,0.145
898,0.5,119,1000,0.119
899,0.5,361,1000,0.361
900,0.5,35,1000,0.035
901,0.5,80,1000,0.08
902,0.5,81,1000,0.081
903,1,82,1000,0.082
904,1,91,1000,0.091
905,1,47,1000,0.047
906,1,799,1000,0.799
907,1,108,1000,0.108
908,1,133,1000,0.133
909,1,116,1000,0.116
910,1,122,1000,0.122
911,1,462,1000,0.462
912,1,69,1000,0.069
913,1,55,1000,0.055
914,2,47,1000,0.047
915,2,83,1000,0.083
916,2,108,1000,0.108
917,2,260,1000,0.26
918,2,274,1000,0.274
919,2,130,1000,0.13
920,2,132,1000,0.132
921,2,109,1000,0.109
922,2,535,1000,0.535
923,2,114,1000,0.114
924,2,76,1000,0.076
925,3,56,1000,0.056
926,3,71,1000,0.071
927,3,67,1000,0.067
928,3,258,1000,0.258
929,3,225,1000,0.225
930,3,456,1000,0.456
931,3,131,1000,0.131
932,3,438,1000,0.438
933,3,90,1000,0.09
934,3,112,1000,0.112
935,3,39,1000,0.039
936,0.25,141,1000,0.141
937,0.25,146,1000,0.146
938,0.25,212,1000,0.212
939,0.25,152,1000,0.152
940,0.25,320,1000,0.32
941,0.25,222,1000,0.222
942,0.25,195,1000,0.195
943,0.25,191,1000,0.191
944,0.25,208,1000,0.208
945,0.25,145,1000,0.145
946,0.25,114,1000,0.114
947,0.5,71,1000,0.071
948,0.5,86,1000,0.086
949,0.5,215,1000,0.215
950,0.5,193,1000,0.193
951,0.5,132,1000,0.132
952,0.5,54,1000,0.054
953,0.5,79,1000,0.079
954,0.5,153,1000,0.153
955,0.5,175,1000,0.175
956,0.5,104,1000,0.104
957,0.5,62,1000,0.062
958,1,63,1000,0.063
959,1,72,1000,0.072
960,1,102,1000,0.102
961,1,93,1000,0.093
962,1,100,1000,0.1
963,1,236,1000,0.236
964,1,111,1000,0.111
965,1,526,1000,0.526
966,1,95,1000,0.095
967,1,97,1000,0.097
968,1,85,1000,0.085
969,2,41,1000,0.041
970,2,192,1000,0.192
971,2,89,1000,0.089
972,2,31,1000,0.031
973,2,457,1000,0.457
974,2,172,1000,0.172
975,2,316,1000,0.316
976,2,216,1000,0.216
977,2,242,1000,0.242
978,2,70,1000,0.07
979,2,58,1000,0.058
980,3,48,1000,0.048
981,3,75,1000,0.075
982,3,82,1000,0.082
983,3,73,1000,0.073
984,3,163,1000,0.163
985,3,780,1000,0.78
986,3,76,1000,0.076
987,3,0,1000,0
988,3,69,1000,0.069
989,3,64,1000,0.064
990,3,73,1000,0.073
991,0.25,167,1000,0.167
992,0.25,129,1000,0.129
993,0.25,98,1000,0.098
994,0.25,205,1000,0.205
995,0.25,184,1000,0.184
996,0.25,239,1000,0.239
997,0.25,276,1000,0.276
998,0.25,24,1000,0.024
999,0.25,203,1000,0.203
1000,0.25,210,1000,0.21
1001,0.25,141,1000,0.141
1002,0.5,60,1000,0.06
1003,0.5,96,1000,0.096
1004,0.5,20,1000,0.02
1005,0.5,146,1000,0.146
1006,0.5,26,1000,0.026
1007,0.5,158,1000,0.158
1008,0.5,320,1000,0.32
1009,0.5,185,1000,0.185
1010,0.5,12,1000,0.012
1011,0.5,94,1000,0.094
1012,0.5,58,1000,0.058
1013,1,67,1000,0.067
1014,1,82,1000,0.082
1015,1,97,1000,0.097
1016,1,141,1000,0.141
1017,1,5,1000,0.005
1018,1,40,1000,0.04
1019,1,109,1000,0.109
1020,1,400,1000,0.4
1021,1,112,1000,0.112
1022,1,127,1000,0.127
1023,1,52,1000,0.052
1024,2,56,1000,0.056
1025,2,75,1000,0.075
1026,2,92,1000,0.092
1027,2,93,1000,0.093
1028,2,367,1000,0.367
1029,2,456,1000,0.456
1030,2,49,1000,0.049
1031,2,165,1000,0.165
1032,2,48,1000,0.048
1033,2,98,1000,0.098
1034,2,47,1000,0.047
1035,3,54,1000,0.054
1036,3,88,1000,0.088
1037,3,159,1000,0.159
1038,3,106,1000,0.106
1039,3,97,1000,0.097
1040,3,114,1000,0.114
1041,3,17,1000,0.017
1042,3,95,1000,0.095
1043,3,93,1000,0.093
1044,3,83,1000,0.083
1045,3,52,1000,0.052
1046,0.25,110,1000,0.11
1047,0.25,151,1000,0.151
1048,0.25,277,1000,0.277
1049,0.25,218,1000,0.218
1050,0.25,258,1000,0.258
1051,0.25,124,1000,0.124
1052,0.25,199,1000,0.199
1053,0.25,244,1000,0.244
1054,0.25,198,1000,0.198
1055,0.25,225,1000,0.225
1056,0.25,100,1000,0.1
1057,0.5,61,1000,0.061
1058,0.5,180,1000,0.18
1059,0.5,140,1000,0.14
1060,0.5,55,1000,0.055
1061,0.5,534,1000,0.534
1062,0.5,395,1000,0.395
1063,0.5,354,1000,0.354
1064,0.5,188,1000,0.188
1065,0.5,110,1000,0.11
1066,0.5,66,1000,0.066
1067,0.5,84,1000,0.084
1068,1,59,1000,0.059
1069,1,71,1000,0.071
1070,1,43,1000,0.043
1071,1,129,1000,0.129
1072,1,141,1000,0.141
1073,1,109,1000,0.109
1074,1,108,1000,0.108
1075,1,155,1000,0.155
1076,1,102,1000,0.102
1077,1,80,1000,0.08
1078,1,0,1000,0
1079,2,48,1000,0.048
1080,2,78,1000,0.078
1081,2,86,1000,0.086
1082,2,99,1000,0.099
1083,2,352,1000,0.352
1084,2,37,1000,0.037
1085,2,36,1000,0.036
1086,2,75,1000,0.075
1087,2,153,1000,0.153
1088,2,69,1000,0.069
1089,2,75,1000,0.075
1090,3,72,1000,0.072
1091,3,82,1000,0.082
1092,3,43,1000,0.043
1093,3,95,1000,0.095
1094,3,58,1000,0.058
1095,3,76,1000,0.076
1096,3,11,1000,0.011
1097,3,28,1000,0.028
1098,3,88,1000,0.088
1099,3,78,1000,0.078
1100,3,46,1000,0.046
1101,0.25,93,1000,0.093
1102,0.25,174,1000,0.174
1103,0.25,139,1000,0.139
1104,0.25,221,1000,0.221
1105,0.25,305,1000,0.305
1106,0.25,7,1000,0.007
1107,0.25,327,1000,0.327
1108,0.25,265,1000,0.265
1109,0.25,190,1000,0.19
1110,0.25,141,1000,0.141
1111,0.25,93,1000,0.093
1112,0.5,138,1000,0.138
1113,0.5,94,1000,0.094
1114,0.5,127,1000,0.127
1115,0.5,133,1000,0.133
1116,0.5,40,1000,0.04
1117,0.5,87,1000,0.087
1118,0.5,445,1000,0.445
1119,0.5,155,1000,0.155
1120,0.5,119,1000,0.119
1121,0.5,95,1000,0.095
1122,0.5,58,1000,0.058
1123,1,113,1000,0.113
1124,1,80,1000,0.08
1125,1,107,1000,0.107
1126,1,667,1000,0.667
1127,1,86,1000,0.086
1128,1,132,1000,0.132
1129,1,145,1000,0.145
1130,1,173,1000,0.173
1131,1,93,1000,0.093
1132,1,78,1000,0.078
1133,1,53,1000,0.053
1134,2,75,1000,0.075
1135,2,85,1000,0.085
1136,2,97,1000,0.097
1137,2,272,1000,0.272
1138,2,124,1000,0.124
1139,2,26,1000,0.026
1140,2,132,1000,0.132
1141,2,120,1000,0.12
1142,2,78,1000,0.078
1143,2,80,1000,0.08
1144,2,45,1000,0.045
1145,3,66,1000,0.066
1146,3,183,1000,0.183
1147,3,152,1000,0.152
1148,3,553,1000,0.553
1149,3,89,1000,0.089
1150,3,28,1000,0.028
1151,3,241,1000,0.241
1152,3,112,1000,0.112
1153,3,84,1000,0.084
1154,3,93,1000,0.093
1155,3,54,1000,0.054
1156,0.25,112,1000,0.112
1157,0.25,165,1000,0.165
1158,0.25,193,1000,0.193
1159,0.25,232,1000,0.232
1160,0.25,570,1000,0.57
1161,0.25,320,1000,0.32
1162,0.25,45,1000,0.045
1163,0.25,679,1000,0.679
1164,0.25,248,1000,0.248
1165,0.25,144,1000,0.144
1166,0.25,128,1000,0.128
1167,0.5,60,1000,0.06
1168,0.5,0,1000,0
1169,0.5,328,1000,0.328
1170,0.5,10,1000,0.01
1171,0.5,144,1000,0.144
1172,0.5,159,1000,0.159
1173,0.5,12,1000,0.012
1174,0.5,71,1000,0.071
1175,0.5,105,1000,0.105
1176,0.5,299,1000,0.299
1177,0.5,55,1000,0.055
1178,1,75,1000,0.075
1179,1,91,1000,0.091
1180,1,74,1000,0.074
1181,1,160,1000,0.16
1182,1,104,1000,0.104
1183,1,125,1000,0.125
1184,1,680,1000,0.68
1185,1,115,1000,0.115
1186,1,91,1000,0.091
1187,1,72,1000,0.072
1188,1,43,1000,0.043
1189,2,47,1000,0.047
1190,2,87,1000,0.087
1191,2,132,1000,0.132
1192,2,106,1000,0.106
1193,2,72,1000,0.072
1194,2,124,1000,0.124
1195,2,93,1000,0.093
1196,2,573,1000,0.573
1197,2,87,1000,0.087
1198,2,64,1000,0.064
1199,2,49,1000,0.049
1200,3,44,1000,0.044
1201,3,47,1000,0.047
1202,3,129,1000,0.129
1203,3,117,1000,0.117
1204,3,70,1000,0.07
1205,3,534,1000,0.534
1206,3,0,1000,0
1207,3,137,1000,0.137
1208,3,97,1000,0.097
1209,3,83,1000,0.083
1210,3,45,1000,0.045
1211,0.25,129,1000,0.129
1212,0.25,175,1000,0.175
1213,0.25,173,1000,0.173
1214,0.25,244,1000,0.244
1215,0.25,36,1000,0.036
1216,0.25,276,1000,0.276
1217,0.25,341,1000,0.341
1218,0.25,172,1000,0.172
1219,0.25,231,1000,0.231
1220,0.25,153,1000,0.153
1221,0.25,142,1000,0.142
1222,0.5,48,1000,0.048
1223,0.5,340,1000,0.34
1224,0.5,111,1000,0.111
1225,0.5,150,1000,0.15
1226,0.5,138,1000,0.138
1227,0.5,99,1000,0.099
1228,0.5,25,1000,0.025
1229,0.5,375,1000,0.375
1230,0.5,174,1000,0.174
1231,0.5,88,1000,0.088
1232,0.5,62,1000,0.062
1233,1,58,1000,0.058
1234,1,93,1000,0.093
1235,1,263,1000,0.263
1236,1,301,1000,0.301
1237,1,116,1000,0.116
1238,1,79,1000,0.079
1239,1,302,1000,0.302
1240,1,808,1000,0.808
1241,1,109,1000,0.109
1242,1,89,1000,0.089
1243,1,60,1000,0.06
1244,2,57,1000,0.057
1245,2,82,1000,0.082
1246,2,104,1000,0.104
1247,2,125,1000,0.125
1248,2,41,1000,0.041
1249,2,135,1000,0.135
1250,2,453,1000,0.453
1251,2,81,1000,0.081
1252,2,85,1000,0.085
1253,2,70,1000,0.07
1254,2,71,1000,0.071
1255,3,70,1000,0.07
1256,3,93,1000,0.093
1257,3,151,1000,0.151
1258,3,63,1000,0.063
1259,3,107,1000,0.107
1260,3,99,1000,0.099
1261,3,72,1000,0.072
1262,3,68,1000,0.068
1263,3,102,1000,0.102
1264,3,114,1000,0.114
1265,3,36,1000,0.036
1266,0.25,95,1000,0.095
1267,0.25,163,1000,0.163
1268,0.25,369,1000,0.369
1269,0.25,233,1000,0.233
1270,0.25,665,1000,0.665
1271,0.25,157,1000,0.157
1272,0.25,204,1000,0.204
1273,0.25,611,1000,0.611
1274,0.25,187,1000,0.187
1275,0.25,124,1000,0.124
1276,0.25,76,1000,0.076
1277,0.5,83,1000,0.083
1278,0.5,122,1000,0.122
1279,0.5,116,1000,0.116
1280,0.5,136,1000,0.136
1281,0.5,375,1000,0.375
1282,0.5,340,1000,0.34
1283,0.5,321,1000,0.321
1284,0.5,93,1000,0.093
1285,0.5,151,1000,0.151
1286,0.5,90,1000,0.09
1287,0.5,71,1000,0.071
1288,1,45,1000,0.045
1289,1,109,1000,0.109
1290,1,102,1000,0.102
1291,1,88,1000,0.088
1292,1,130,1000,0.13
1293,1,338,1000,0.338
1294,1,117,1000,0.117
1295,1,108,1000,0.108
1296,1,99,1000,0.099
1297,1,101,1000,0.101
1298,1,50,1000,0.05
1299,2,32,1000,0.032
1300,2,64,1000,0.064
1301,2,102,1000,0.102
1302,2,19,1000,0.019
1303,2,127,1000,0.127
1304,2,117,1000,0.117
1305,2,80,1000,0.08
1306,2,49,1000,0.049
1307,2,556,1000,0.556
1308,2,112,1000,0.112
1309,2,48,1000,0.048
1310,3,54,1000,0.054
1311,3,75,1000,0.075
1312,3,253,1000,0.253
1313,3,139,1000,0.139
1314,3,100,1000,0.1
1315,3,73,1000,0.073
1316,3,288,1000,0.288
1317,3,64,1000,0.064
1318,3,107,1000,0.107
1319,3,94,1000,0.094
1320,3,62,1000,0.062
1321,0.25,89,1000,0.089
1322,0.25,157,1000,0.157
1323,0.25,253,1000,0.253
1324,0.25,311,1000,0.311
1325,0.25,250,1000,0.25
1326,0.25,363,1000,0.363
1327,0.25,651,1000,0.651
1328,0.25,166,1000,0.166
1329,0.25,162,1000,0.162
1330,0.25,202,1000,0.202
1331,0.25,112,1000,0.112
1332,0.5,53,1000,0.053
1333,0.5,143,1000,0.143
1334,0.5,121,1000,0.121
1335,0.5,129,1000,0.129
1336,0.5,141,1000,0.141
1337,0.5,472,1000,0.472
1338,0.5,75,1000,0.075
1339,0.5,415,1000,0.415
1340,0.5,99,1000,0.099
1341,0.5,84,1000,0.084
1342,0.5,66,1000,0.066
1343,1,63,1000,0.063
1344,1,82,1000,0.082
1345,1,88,1000,0.088
1346,1,252,1000,0.252
1347,1,228,1000,0.228
1348,1,214,1000,0.214
1349,1,43,1000,0.043
1350,1,72,1000,0.072
1351,1,125,1000,0.125
1352,1,93,1000,0.093
1353,1,61,1000,0.061
1354,2,58,1000,0.058
1355,2,75,1000,0.075
1356,2,229,1000,0.229
1357,2,555,1000,0.555
1358,2,65,1000,0.065
1359,2,101,1000,0.101
1360,2,5,1000,0.005
1361,2,60,1000,0.06
1362,2,113,1000,0.113
1363,2,88,1000,0.088
1364,2,64,1000,0.064
1365,3,59,1000,0.059
1366,3,76,1000,0.076
1367,3,140,1000,0.14
1368,3,151,1000,0.151
1369,3,98,1000,0.098
1370,3,112,1000,0.112
1371,3,200,1000,0.2
1372,3,79,1000,0.079
1373,3,115,1000,0.115
1374,3,83,1000,0.083
1375,3,60,1000,0.06
1376,0.25,68,1000,0.068
1377,0.25,602,1000,0.602
1378,0.25,220,1000,0.22
1379,0.25,254,1000,0.254
1380,0.25,281,1000,0.281
1381,0.25,193,1000,0.193
1382,0.25,114,1000,0.114
1383,0.25,220,1000,0.22
1384,0.25,165,1000,0.165
1385,0.25,57,1000,0.057
1386,0.25,124,1000,0.124
1387,0.5,127,1000,0.127
1388,0.5,79,1000,0.079
1389,0.5,140,1000,0.14
1390,0.5,140,1000,0.14
1391,0.5,73,1000,0.073
1392,0.5,138,1000,0.138
1393,0.5,57,1000,0.057
1394,0.5,141,1000,0.141
1395,0.5,196,1000,0.196
1396,0.5,121,1000,0.121
1397,0.5,78,1000,0.078
1398,1,58,1000,0.058
1399,1,69,1000,0.069
1400,1,96,1000,0.096
1401,1,113,1000,0.113
1402,1,111,1000,0.111
1403,1,95,1000,0.095
1404,1,147,1000,0.147
1405,1,470,1000,0.47
1406,1,132,1000,0.132
1407,1,78,1000,0.078
1408,1,62,1000,0.062
1409,2,59,1000,0.059
1410,2,70,1000,0.07
1411,2,83,1000,0.083
1412,2,173,1000,0.173
1413,2,181,1000,0.181
1414,2,97,1000,0.097
1415,2,44,1000,0.044
1416,2,114,1000,0.114
1417,2,213,1000,0.213
1418,2,81,1000,0.081
1419,2,52,1000,0.052
1420,3,40,1000,0.04
1421,3,78,1000,0.078
1422,3,82,1000,0.082
1423,3,107,1000,0.107
1424,3,90,1000,0.09
1425,3,252,1000,0.252
1426,3,395,1000,0.395
1427,3,161,1000,0.161
1428,3,133,1000,0.133
1429,3,83,1000,0.083
1430,3,46,1000,0.046
1431,0.25,110,1000,0.11
1432,0.25,243,1000,0.243
1433,0.25,212,1000,0.212
1434,0.25,133,1000,0.133
1435,0.25,210,1000,0.21
1436,0.25,310,1000,0.31
1437,0.25,349,1000,0.349
1438,0.25,354,1000,0.354
1439,0.25,208,1000,0.208
1440,0.25,143,1000,0.143
1441,0.25,129,1000,0.129
1442,0.5,62,1000,0.062
1443,0.5,96,1000,0.096
1444,0.5,159,1000,0.159
1445,0.5,30,1000,0.03
1446,0.5,183,1000,0.183
1447,0.5,152,1000,0.152
1448,0.5,13,1000,0.013
1449,0.5,161,1000,0.161
1450,0.5,140,1000,0.14
1451,0.5,136,1000,0.136
1452,0.5,71,1000,0.071
1453,1,60,1000,0.06
1454,1,62,1000,0.062
1455,1,784,1000,0.784
1456,1,185,1000,0.185
1457,1,152,1000,0.152
1458,1,131,1000,0.131
1459,1,243,1000,0.243
1460,1,110,1000,0.11
1461,1,98,1000,0.098
1462,1,81,1000,0.081
1463,1,63,1000,0.063
1464,2,57,1000,0.057
1465,2,100,1000,0.1
1466,2,97,1000,0.097
1467,2,99,1000,0.099
1468,2,42,1000,0.042
1469,2,112,1000,0.112
1470,2,343,1000,0.343
1471,2,124,1000,0.124
1472,2,98,1000,0.098
1473,2,76,1000,0.076
1474,2,48,1000,0.048
1475,3,68,1000,0.068
1476,3,88,1000,0.088
1477,3,85,1000,0.085
1478,3,89,1000,0.089
1479,3,143,1000,0.143
1480,3,91,1000,0.091
1481,3,536,1000,0.536
1482,3,47,1000,0.047
1483,3,87,1000,0.087
1484,3,119,1000,0.119
1485,3,58,1000,0.058
1486,0.25,117,1000,0.117
1487,0.25,130,1000,0.13
1488,0.25,199,1000,0.199
1489,0.25,71,1000,0.071
1490,0.25,273,1000,0.273
1491,0.25,7,1000,0.007
1492,0.25,190,1000,0.19
1493,0.25,262,1000,0.262
1494,0.25,123,1000,0.123
1495,0.25,161,1000,0.161
1496,0.25,71,1000,0.071
1497,0.5,76,1000,0.076
1498,0.5,95,1000,0.095
1499,0.5,120,1000,0.12
1500,0.5,133,1000,0.133
1501,0.5,104,1000,0.104
1502,0.5,151,1000,0.151
1503,0.5,326,1000,0.326
1504,0.5,161,1000,0.161
1505,0.5,515,1000,0.515
1506,0.5,111,1000,0.111
1507,0.5,83,1000,0.083
1508,1,54,1000,0.054
1509,1,69,1000,0.069
1510,1,90,1000,0.09
1511,1,40,1000,0.04
1512,1,15,1000,0.015
1513,1,100,1000,0.1
1514,1,109,1000,0.109
1515,1,484,1000,0.484
1516,1,68,1000,0.068
1517,1,72,1000,0.072
1518,1,61,1000,0.061
1519,2,61,1000,0.061
1520,2,66,1000,0.066
1521,2,231,1000,0.231
1522,2,187,1000,0.187
1523,2,126,1000,0.126
1524,2,63,1000,0.063
1525,2,145,1000,0.145
1526,2,131,1000,0.131
1527,2,47,1000,0.047
1528,2,77,1000,0.077
1529,2,51,1000,0.051
1530,3,111,1000,0.111
1531,3,74,1000,0.074
1532,3,233,1000,0.233
1533,3,155,1000,0.155
1534,3,517,1000,0.517
1535,3,6,1000,0.006
1536,3,82,1000,0.082
1537,3,1,1000,0.001
1538,3,85,1000,0.085
1539,3,100,1000,0.1
1540,3,52,1000,0.052
1541,0.25,107,1000,0.107
1542,0.25,118,1000,0.118
1543,0.25,222,1000,0.222
1544,0.25,198,1000,0.198
1545,0.25,347,1000,0.347
1546,0.25,160,1000,0.16
1547,0.25,392,1000,0.392
1548,0.25,594,1000,0.594
1549,0.25,181,1000,0.181
1550,0.25,134,1000,0.134
1551,0.25,100,1000,0.1
1552,0.5,63,1000,0.063
1553,0.5,74,1000,0.074
1554,0.5,124,1000,0.124
1555,0.5,89,1000,0.089
1556,0.5,165,1000,0.165
1557,0.5,307,1000,0.307
1558,0.5,186,1000,0.186
1559,0.5,95,1000,0.095
1560,0.5,98,1000,0.098
1561,0.5,109,1000,0.109
1562,0.5,76,1000,0.076
1563,1,61,1000,0.061
1564,1,83,1000,0.083
1565,1,69,1000,0.069
1566,1,723,1000,0.723
1567,1,129,1000,0.129
1568,1,102,1000,0.102
1569,1,11,1000,0.011
1570,1,133,1000,0.133
1571,1,86,1000,0.086
1572,1,67,1000,0.067
1573,1,76,1000,0.076
1574,2,50,1000,0.05
1575,2,531,1000,0.531
1576,2,47,1000,0.047
1577,2,233,1000,0.233
1578,2,100,1000,0.1
1579,2,90,1000,0.09
1580,2,22,1000,0.022
1581,2,105,1000,0.105
1582,2,85,1000,0.085
1583,2,91,1000,0.091
1584,2,43,1000,0.043
1585,3,45,1000,0.045
1586,3,92,1000,0.092
1587,3,122,1000,0.122
1588,3,122,1000,0.122
1589,3,104,1000,0.104
1590,3,188,1000,0.188
1591,3,35,1000,0.035
1592,3,43,1000,0.043
1593,3,186,1000,0.186
1594,3,62,1000,0.062
1595,3,59,1000,0.059
1596,0.25,157,1000,0.157
1597,0.25,170,1000,0.17
1598,0.25,194,1000,0.194
1599,0.25,210,1000,0.21
1600,0.25,391,1000,0.391
1601,0.25,427,1000,0.427
1602,0.25,278,1000,0.278
1603,0.25,303,1000,0.303
1604,0.25,51,1000,0.051
1605,0.25,143,1000,0.143
1606,0.25,101,1000,0.101
1607,0.5,77,1000,0.077
1608,0.5,125,1000,0.125
1609,0.5,234,1000,0.234
1610,0.5,133,1000,0.133
1611,0.5,138,1000,0.138
1612,0.5,65,1000,0.065
1613,0.5,136,1000,0.136
1614,0.5,151,1000,0.151
1615,0.5,688,1000,0.688
1616,0.5,77,1000,0.077
1617,0.5,61,1000,0.061
1618,1,59,1000,0.059
1619,1,70,1000,0.07
1620,1,117,1000,0.117
1621,1,107,1000,0.107
1622,1,486,1000,0.486
1623,1,500,1000,0.5
1624,1,146,1000,0.146
1625,1,130,1000,0.13
1626,1,137,1000,0.137
1627,1,113,1000,0.113
1628,1,89,1000,0.089
1629,2,57,1000,0.057
1630,2,67,1000,0.067
1631,2,35,1000,0.035
1632,2,145,1000,0.145
1633,2,112,1000,0.112
1634,2,80,1000,0.08
1635,2,100,1000,0.1
1636,2,91,1000,0.091
1637,2,105,1000,0.105
1638,2,72,1000,0.072
1639,2,54,1000,0.054
1640,3,57,1000,0.057
1641,3,33,1000,0.033
1642,3,80,1000,0.08
1643,3,100,1000,0.1
1644,3,0,1000,0
1645,3,97,1000,0.097
1646,3,294,1000,0.294
1647,3,370,1000,0.37
1648,3,43,1000,0.043
1649,3,74,1000,0.074
1650,3,54,1000,0.054
1651,0.25,123,1000,0.123
1652,0.25,148,1000,0.148
1653,0.25,187,1000,0.187
1654,0.25,266,1000,0.266
1655,0.25,115,1000,0.115
1656,0.25,509,1000,0.509
1657,0.25,180,1000,0.18
1658,0.25,669,1000,0.669
1659,0.25,271,1000,0.271
1660,0.25,220,1000,0.22
1661,0.25,172,1000,0.172
1662,0.5,80,1000,0.08
1663,0.5,84,1000,0.084
1664,0.5,137,1000,0.137
1665,0.5,100,1000,0.1
1666,0.5,83,1000,0.083
1667,0.5,126,1000,0.126
1668,0.5,42,1000,0.042
1669,0.5,153,1000,0.153
1670,0.5,115,1000,0.115
1671,0.5,127,1000,0.127
1672,0.5,63,1000,0.063
1673,1,84,1000,0.084
1674,1,119,1000,0.119
1675,1,90,1000,0.09
1676,1,141,1000,0.141
1677,1,142,1000,0.142
1678,1,225,1000,0.225
1679,1,71,1000,0.071
1680,1,380,1000,0.38
1681,1,75,1000,0.075
1682,1,80,1000,0.08
1683,1,59,1000,0.059
1684,2,53,1000,0.053
1685,2,122,1000,0.122
1686,2,115,1000,0.115
1687,2,49,1000,0.049
1688,2,90,1000,0.09
1689,2,93,1000,0.093
1690,2,105,1000,0.105
1691,2,101,1000,0.101
1692,2,89,1000,0.089
1693,2,70,1000,0.07
1694,2,47,1000,0.047
1695,3,44,1000,0.044
1696,3,71,1000,0.071
1697,3,85,1000,0.085
1698,3,107,1000,0.107
1699,3,109,1000,0.109
1700,3,241,1000,0.241
1701,3,55,1000,0.055
1702,3,83,1000,0.083
1703,3,94,1000,0.094
1704,3,98,1000,0.098
1705,3,69,1000,0.069
1706,0.25,95,1000,0.095
1707,0.25,137,1000,0.137
1708,0.25,201,1000,0.201
1709,0.25,136,1000,0.136
1710,0.25,0,1000,0
1711,0.25,655,1000,0.655
1712,0.25,2,1000,0.002
1713,0.25,186,1000,0.186
1714,0.25,198,1000,0.198
1715,0.25,358,1000,0.358
1716,0.25,390,1000,0.39
1717,0.5,74,1000,0.074
1718,0.5,93,1000,0.093
1719,0.5,128,1000,0.128
1720,0.5,123,1000,0.123
1721,0.5,194,1000,0.194
1722,0.5,162,1000,0.162
1723,0.5,182,1000,0.182
1724,0.5,122,1000,0.122
1725,0.5,123,1000,0.123
1726,0.5,131,1000,0.131
1727,0.5,96,1000,0.096
1728,1,53,1000,0.053
1729,1,67,1000,0.067
1730,1,60,1000,0.06
1731,1,116,1000,0.116
1732,1,314,1000,0.314
1733,1,347,1000,0.347
1734,1,495,1000,0.495
1735,1,49,1000,0.049
1736,1,110,1000,0.11
1737,1,103,1000,0.103
1738,1,68,1000,0.068
1739,2,66,1000,0.066
1740,2,89,1000,0.089
1741,2,142,1000,0.142
1742,2,105,1000,0.105
1743,2,138,1000,0.138
1744,2,50,1000,0.05
1745,2,208,1000,0.208
1746,2,93,1000,0.093
1747,2,94,1000,0.094
1748,2,39,1000,0.039
1749,2,59,1000,0.059
1750,3,50,1000,0.05
1751,3,78,1000,0.078
1752,3,79,1000,0.079
1753,3,305,1000,0.305
1754,3,106,1000,0.106
1755,3,227,1000,0.227
1756,3,121,1000,0.121
1757,3,143,1000,0.143
1758,3,98,1000,0.098
1759,3,80,1000,0.08
1760,3,41,1000,0.041
1761,0.25,114,1000,0.114
1762,0.25,198,1000,0.198
1763,0.25,264,1000,0.264
1764,0.25,242,1000,0.242
1765,0.25,315,1000,0.315
1766,0.25,284,1000,0.284
1767,0.25,35,1000,0.035
1768,0.25,211,1000,0.211
1769,0.25,455,1000,0.455
1770,0.25,151,1000,0.151
1771,0.25,105,1000,0.105
1772,0.5,85,1000,0.085
1773,0.5,87,1000,0.087
1774,0.5,121,1000,0.121
1775,0.5,151,1000,0.151
1776,0.5,174,1000,0.174
1777,0.5,120,1000,0.12
1778,0.5,14,1000,0.014
1779,0.5,166,1000,0.166
1780,0.5,179,1000,0.179
1781,0.5,106,1000,0.106
1782,0.5,63,1000,0.063
1783,1,51,1000,0.051
1784,1,88,1000,0.088
1785,1,86,1000,0.086
1786,1,98,1000,0.098
1787,1,155,1000,0.155
1788,1,139,1000,0.139
1789,1,393,1000,0.393
1790,1,84,1000,0.084
1791,1,106,1000,0.106
1792,1,85,1000,0.085
1793,1,66,1000,0.066
1794,2,77,1000,0.077
1795,2,83,1000,0.083
1796,2,81,1000,0.081
1797,2,63,1000,0.063
1798,2,122,1000,0.122
1799,2,149,1000,0.149
1800,2,232,1000,0.232
1801,2,144,1000,0.144
1802,2,98,1000,0.098
1803,2,112,1000,0.112
1804,2,100,1000,0.1
1805,3,89,1000,0.089
1806,3,73,1000,0.073
1807,3,112,1000,0.112
1808,3,383,1000,0.383
1809,3,115,1000,0.115
1810,3,157,1000,0.157
1811,3,486,1000,0.486
1812,3,60,1000,0.06
1813,3,105,1000,0.105
1814,3,80,1000,0.08
1815,3,53,1000,0.053
1816,0.25,124,1000,0.124
1817,0.25,159,1000,0.159
1818,0.25,116,1000,0.116
1819,0.25,251,1000,0.251
1820,0.25,298,1000,0.298
1821,0.25,376,1000,0.376
1822,0.25,21,1000,0.021
1823,0.25,299,1000,0.299
1824,0.25,219,1000,0.219
1825,0.25,158,1000,0.158
1826,0.25,103,1000,0.103
1827,0.5,90,1000,0.09
1828,0.5,90,1000,0.09
1829,0.5,126,1000,0.126
1830,0.5,414,1000,0.414
1831,0.5,164,1000,0.164
1832,0.5,96,1000,0.096
1833,0.5,300,1000,0.3
1834,0.5,116,1000,0.116
1835,0.5,128,1000,0.128
1836,0.5,113,1000,0.113
1837,0.5,70,1000,0.07
1838,1,57,1000,0.057
1839,1,91,1000,0.091
1840,1,84,1000,0.084
1841,1,127,1000,0.127
1842,1,105,1000,0.105
1843,1,10,1000,0.01
1844,1,65,1000,0.065
1845,1,139,1000,0.139
1846,1,203,1000,0.203
1847,1,86,1000,0.086
1848,1,56,1000,0.056
1849,2,52,1000,0.052
1850,2,73,1000,0.073
1851,2,85,1000,0.085
1852,2,102,1000,0.102
1853,2,112,1000,0.112
1854,2,84,1000,0.084
1855,2,44,1000,0.044
1856,2,1,1000,0.001
1857,2,107,1000,0.107
1858,2,81,1000,0.081
1859,2,54,1000,0.054
1860,3,51,1000,0.051
1861,3,595,1000,0.595
1862,3,88,1000,0.088
1863,3,97,1000,0.097
1864,3,94,1000,0.094
1865,3,152,1000,0.152
1866,3,133,1000,0.133
1867,3,116,1000,0.116
1868,3,112,1000,0.112
1869,3,78,1000,0.078
1870,3,57,1000,0.057
1871,0.25,103,1000,0.103
1872,0.25,140,1000,0.14
1873,0.25,252,1000,0.252
1874,0.25,134,1000,0.134
1875,0.25,204,1000,0.204
1876,0.25,184,1000,0.184
1877,0.25,17,1000,0.017
1878,0.25,520,1000,0.52
1879,0.25,203,1000,0.203
1880,0.25,157,1000,0.157
1881,0.25,82,1000,0.082
1882,0.5,114,1000,0.114
1883,0.5,105,1000,0.105
1884,0.5,166,1000,0.166
1885,0.5,163,1000,0.163
1886,0.5,196,1000,0.196
1887,0.5,318,1000,0.318
1888,0.5,95,1000,0.095
1889,0.5,139,1000,0.139
1890,0.5,140,1000,0.14
1891,0.5,112,1000,0.112
1892,0.5,49,1000,0.049
1893,1,70,1000,0.07
1894,1,83,1000,0.083
1895,1,239,1000,0.239
1896,1,94,1000,0.094
1897,1,123,1000,0.123
1898,1,128,1000,0.128
1899,1,305,1000,0.305
1900,1,122,1000,0.122
1901,1,93,1000,0.093
1902,1,91,1000,0.091
1903,1,50,1000,0.05
1904,2,59,1000,0.059
1905,2,77,1000,0.077
1906,2,84,1000,0.084
1907,2,105,1000,0.105
1908,2,88,1000,0.088
1909,2,631,1000,0.631
1910,2,102,1000,0.102
1911,2,115,1000,0.115
1912,2,94,1000,0.094
1913,2,41,1000,0.041
1914,2,38,1000,0.038
1915,3,59,1000,0.059
1916,3,66,1000,0.066
1917,3,116,1000,0.116
1918,3,400,1000,0.4
1919,3,169,1000,0.169
1920,3,186,1000,0.186
1921,3,243,1000,0.243
1922,3,255,1000,0.255
1923,3,923,1000,0.923
1924,3,68,1000,0.068
1925,3,53,1000,0.053
1926,0.25,119,1000,0.119
1927,0.25,209,1000,0.209
1928,0.25,251,1000,0.251
1929,0.25,204,1000,0.204
1930,0.25,346,1000,0.346
1931,0.25,0,1000,0
1932,0.25,445,1000,0.445
1933,0.25,265,1000,0.265
1934,0.25,252,1000,0.252
1935,0.25,154,1000,0.154
1936,0.25,108,1000,0.108
1937,0.5,59,1000,0.059
1938,0.5,97,1000,0.097
1939,0.5,144,1000,0.144
1940,0.5,137,1000,0.137
1941,0.5,151,1000,0.151
1942,0.5,166,1000,0.166
1943,0.5,157,1000,0.157
1944,0.5,246,1000,0.246
1945,0.5,86,1000,0.086
1946,0.5,95,1000,0.095
1947,0.5,45,1000,0.045
1948,1,94,1000,0.094
1949,1,84,1000,0.084
1950,1,281,1000,0.281
1951,1,96,1000,0.096
1952,1,186,1000,0.186
1953,1,149,1000,0.149
1954,1,110,1000,0.11
1955,1,140,1000,0.14
1956,1,144,1000,0.144
1957,1,79,1000,0.079
1958,1,59,1000,0.059
1959,2,57,1000,0.057
1960,2,87,1000,0.087
1961,2,92,1000,0.092
1962,2,88,1000,0.088
1963,2,743,1000,0.743
1964,2,135,1000,0.135
1965,2,102,1000,0.102
1966,2,140,1000,0.14
1967,2,74,1000,0.074
1968,2,82,1000,0.082
1969,2,62,1000,0.062
1970,3,66,1000,0.066
1971,3,101,1000,0.101
1972,3,96,1000,0.096
1973,3,299,1000,0.299
1974,3,106,1000,0.106
1975,3,66,1000,0.066
1976,3,5,1000,0.005
1977,3,62,1000,0.062
1978,3,86,1000,0.086
1979,3,100,1000,0.1
1980,3,56,1000,0.056
1981,0.25,111,1000,0.111
1982,0.25,208,1000,0.208
1983,0.25,259,1000,0.259
1984,0.25,208,1000,0.208
1985,0.25,293,1000,0.293
1986,0.25,187,1000,0.187
1987,0.25,219,1000,0.219
1988,0.25,756,1000,0.756
1989,0.25,108,1000,0.108
1990,0.25,135,1000,0.135
1991,0.25,112,1000,0.112
1992,0.5,58,1000,0.058
1993,0.5,226,1000,0.226
1994,0.5,112,1000,0.112
1995,0.5,196,1000,0.196
1996,0.5,6,1000,0.006
1997,0.5,190,1000,0.19
1998,0.5,171,1000,0.171
1999,0.5,118,1000,0.118
2000,0.5,151,1000,0.151
2001,0.5,83,1000,0.083
2002,0.5,55,1000,0.055
2003,1,52,1000,0.052
2004,1,78,1000,0.078
2005,1,115,1000,0.115
2006,1,101,1000,0.101
2007,1,100,1000,0.1
2008,1,103,1000,0.103
2009,1,133,1000,0.133
2010,1,145,1000,0.145
2011,1,70,1000,0.07
2012,1,78,1000,0.078
2013,1,37,1000,0.037
2014,2,49,1000,0.049
2015,2,333,1000,0.333
2016,2,132,1000,0.132
2017,2,77,1000,0.077
2018,2,294,1000,0.294
2019,2,95,1000,0.095
2020,2,112,1000,0.112
2021,2,346,1000,0.346
2022,2,105,1000,0.105
2023,2,95,1000,0.095
2024,2,51,1000,0.051
2025,3,53,1000,0.053
2026,3,71,1000,0.071
2027,3,75,1000,0.075
2028,3,105,1000,0.105
2029,3,116,1000,0.116
2030,3,26,1000,0.026
2031,3,316,1000,0.316
2032,3,93,1000,0.093
2033,3,100,1000,0.1
2034,3,84,1000,0.084
2035,3,45,1000,0.045
2036,0.25,90,1000,0.09
2037,0.25,147,1000,0.147
2038,0.25,264,1000,0.264
2039,0.25,580,1000,0.58
2040,0.25,319,1000,0.319
2041,0.25,138,1000,0.138
2042,0.25,12,1000,0.012
2043,0.25,177,1000,0.177
2044,0.25,92,1000,0.092
2045,0.25,154,1000,0.154
2046,0.25,86,1000,0.086
2047,0.5,60,1000,0.06
2048,0.5,78,1000,0.078
2049,0.5,123,1000,0.123
2050,0.5,144,1000,0.144
2051,0.5,151,1000,0.151
2052,0.5,215,1000,0.215
2053,0.5,177,1000,0.177
2054,0.5,303,1000,0.303
2055,0.5,117,1000,0.117
2056,0.5,225,1000,0.225
2057,0.5,70,1000,0.07
2058,1,64,1000,0.064
2059,1,32,1000,0.032
2060,1,82,1000,0.082
2061,1,116,1000,0.116
2062,1,156,1000,0.156
2063,1,121,1000,0.121
2064,1,114,1000,0.114
2065,1,163,1000,0.163
2066,1,105,1000,0.105
2067,1,78,1000,0.078
2068,1,59,1000,0.059
2069,2,47,1000,0.047
2070,2,97,1000,0.097
2071,2,83,1000,0.083
2072,2,113,1000,0.113
2073,2,96,1000,0.096
2074,2,361,1000,0.361
2075,2,110,1000,0.11
2076,2,473,1000,0.473
2077,2,85,1000,0.085
2078,2,94,1000,0.094
2079,2,78,1000,0.078
2080,3,63,1000,0.063
2081,3,111,1000,0.111
2082,3,113,1000,0.113
2083,3,54,1000,0.054
2084,3,104,1000,0.104
2085,3,30,1000,0.03
2086,3,260,1000,0.26
2087,3,112,1000,0.112
2088,3,91,1000,0.091
2089,3,209,1000,0.209
2090,3,39,1000,0.039
2091,0.25,75,1000,0.075
2092,0.25,155,1000,0.155
2093,0.25,604,1000,0.604
2094,0.25,241,1000,0.241
2095,0.25,237,1000,0.237
2096,0.25,255,1000,0.255
2097,0.25,269,1000,0.269
2098,0.25,275,1000,0.275
2099,0.25,180,1000,0.18
2100,0.25,135,1000,0.135
2101,0.25,105,1000,0.105
2102,0.5,65,1000,0.065
2103,0.5,101,1000,0.101
2104,0.5,677,1000,0.677
2105,0.5,50,1000,0.05
2106,0.5,142,1000,0.142
2107,0.5,105,1000,0.105
2108,0.5,120,1000,0.12
2109,0.5,32,1000,0.032
2110,0.5,130,1000,0.13
2111,0.5,100,1000,0.1
2112,0.5,66,1000,0.066
2113,1,48,1000,0.048
2114,1,86,1000,0.086
2115,1,116,1000,0.116
2116,1,129,1000,0.129
2117,1,740,1000,0.74
2118,1,154,1000,0.154
2119,1,98,1000,0.098
2120,1,130,1000,0.13
2121,1,94,1000,0.094
2122,1,85,1000,0.085
2123,1,38,1000,0.038
2124,2,52,1000,0.052
2125,2,85,1000,0.085
2126,2,163,1000,0.163
2127,2,141,1000,0.141
2128,2,575,1000,0.575
2129,2,116,1000,0.116
2130,2,106,1000,0.106
2131,2,83,1000,0.083
2132,2,43,1000,0.043
2133,2,76,1000,0.076
2134,2,69,1000,0.069
2135,3,57,1000,0.057
2136,3,85,1000,0.085
2137,3,94,1000,0.094
2138,3,76,1000,0.076
2139,3,104,1000,0.104
2140,3,94,1000,0.094
2141,3,208,1000,0.208
2142,3,108,1000,0.108
2143,3,125,1000,0.125
2144,3,93,1000,0.093
2145,3,48,1000,0.048
2146,0.25,108,1000,0.108
2147,0.25,164,1000,0.164
2148,0.25,62,1000,0.062
2149,0.25,198,1000,0.198
2150,0.25,196,1000,0.196
2151,0.25,72,1000,0.072
2152,0.25,128,1000,0.128
2153,0.25,230,1000,0.23
2154,0.25,228,1000,0.228
2155,0.25,155,1000,0.155
2156,0.25,104,1000,0.104
2157,0.5,74,1000,0.074
2158,0.5,90,1000,0.09
2159,0.5,91,1000,0.091
2160,0.5,135,1000,0.135
2161,0.5,93,1000,0.093
2162,0.5,152,1000,0.152
2163,0.5,95,1000,0.095
2164,0.5,164,1000,0.164
2165,0.5,77,1000,0.077
2166,0.5,113,1000,0.113
2167,0.5,56,1000,0.056
2168,1,63,1000,0.063
2169,1,100,1000,0.1
2170,1,105,1000,0.105
2171,1,126,1000,0.126
2172,1,62,1000,0.062
2173,1,3,1000,0.003
2174,1,144,1000,0.144
2175,1,219,1000,0.219
2176,1,86,1000,0.086
2177,1,81,1000,0.081
2178,1,61,1000,0.061
2179,2,55,1000,0.055
2180,2,77,1000,0.077
2181,2,118,1000,0.118
2182,2,133,1000,0.133
2183,2,98,1000,0.098
2184,2,302,1000,0.302
2185,2,94,1000,0.094
2186,2,101,1000,0.101
2187,2,118,1000,0.118
2188,2,542,1000,0.542
2189,2,57,1000,0.057
2190,3,57,1000,0.057
2191,3,94,1000,0.094
2192,3,75,1000,0.075
2193,3,26,1000,0.026
2194,3,83,1000,0.083
2195,3,415,1000,0.415
2196,3,346,1000,0.346
2197,3,166,1000,0.166
2198,3,111,1000,0.111
2199,3,98,1000,0.098
2200,3,50,1000,0.05
2201,0.25,100,1000,0.1
2202,0.25,233,1000,0.233
2203,0.25,178,1000,0.178
2204,0.25,189,1000,0.189
2205,0.25,656,1000,0.656
2206,0.25,61,1000,0.061
2207,0.25,111,1000,0.111
2208,0.25,222,1000,0.222
2209,0.25,193,1000,0.193
2210,0.25,186,1000,0.186
2211,0.25,113,1000,0.113
2212,0.5,81,1000,0.081
2213,0.5,96,1000,0.096
2214,0.5,113,1000,0.113
2215,0.5,176,1000,0.176
2216,0.5,0,1000,0
2217,0.5,115,1000,0.115
2218,0.5,98,1000,0.098
2219,0.5,440,1000,0.44
2220,0.5,158,1000,0.158
2221,0.5,82,1000,0.082
2222,0.5,73,1000,0.073
2223,1,55,1000,0.055
2224,1,421,1000,0.421
2225,1,60,1000,0.06
2226,1,222,1000,0.222
2227,1,91,1000,0.091
2228,1,235,1000,0.235
2229,1,100,1000,0.1
2230,1,150,1000,0.15
2231,1,68,1000,0.068
2232,1,76,1000,0.076
2233,1,94,1000,0.094
2234,2,59,1000,0.059
2235,2,79,1000,0.079
2236,2,77,1000,0.077
2237,2,352,1000,0.352
2238,2,145,1000,0.145
2239,2,519,1000,0.519
2240,2,182,1000,0.182
2241,2,7,1000,0.007
2242,2,106,1000,0.106
2243,2,75,1000,0.075
2244,2,61,1000,0.061
2245,3,55,1000,0.055
2246,3,531,1000,0.531
2247,3,105,1000,0.105
2248,3,81,1000,0.081
2249,3,122,1000,0.122
2250,3,172,1000,0.172
2251,3,125,1000,0.125
2252,3,109,1000,0.109
2253,3,141,1000,0.141
2254,3,83,1000,0.083
2255,3,49,1000,0.049
2256,0.25,136,1000,0.136
2257,0.25,160,1000,0.16
2258,0.25,457,1000,0.457
2259,0.25,159,1000,0.159
2260,0.25,324,1000,0.324
2261,0.25,6,1000,0.006
2262,0.25,345,1000,0.345
2263,0.25,153,1000,0.153
2264,0.25,286,1000,0.286
2265,0.25,159,1000,0.159
2266,0.25,104,1000,0.104
2267,0.5,73,1000,0.073
2268,0.5,109,1000,0.109
2269,0.5,132,1000,0.132
2270,0.5,125,1000,0.125
2271,0.5,202,1000,0.202
2272,0.5,56,1000,0.056
2273,0.5,239,1000,0.239
2274,0.5,120,1000,0.12
2275,0.5,132,1000,0.132
2276,0.5,114,1000,0.114
2277,0.5,64,1000,0.064
2278,1,49,1000,0.049
2279,1,77,1000,0.077
2280,1,82,1000,0.082
2281,1,138,1000,0.138
2282,1,93,1000,0.093
2283,1,124,1000,0.124
2284,1,96,1000,0.096
2285,1,93,1000,0.093
2286,1,85,1000,0.085
2287,1,74,1000,0.074
2288,1,52,1000,0.052
2289,2,50,1000,0.05
2290,2,166,1000,0.166
2291,2,92,1000,0.092
2292,2,93,1000,0.093
2293,2,119,1000,0.119
2294,2,164,1000,0.164
2295,2,94,1000,0.094
2296,2,96,1000,0.096
2297,2,114,1000,0.114
2298,2,136,1000,0.136
2299,2,69,1000,0.069
2300,3,61,1000,0.061
2301,3,86,1000,0.086
2302,3,90,1000,0.09
2303,3,328,1000,0.328
2304,3,212,1000,0.212
2305,3,523,1000,0.523
2306,3,381,1000,0.381
2307,3,79,1000,0.079
2308,3,72,1000,0.072
2309,3,83,1000,0.083
2310,3,50,1000,0.05
2311,0.25,96,1000,0.096
2312,0.25,128,1000,0.128
2313,0.25,86,1000,0.086
2314,0.25,438,1000,0.438
2315,0.25,313,1000,0.313
2316,0.25,290,1000,0.29
2317,0.25,312,1000,0.312
2318,0.25,105,1000,0.105
2319,0.25,181,1000,0.181
2320,0.25,318,1000,0.318
2321,0.25,93,1000,0.093
2322,0.5,81,1000,0.081
2323,0.5,124,1000,0.124
2324,0.5,150,1000,0.15
2325,0.5,91,1000,0.091
2326,0.5,118,1000,0.118
2327,0.5,148,1000,0.148
2328,0.5,270,1000,0.27
2329,0.5,153,1000,0.153
2330,0.5,72,1000,0.072
2331,0.5,85,1000,0.085
2332,0.5,68,1000,0.068
2333,1,63,1000,0.063
2334,1,18,1000,0.018
2335,1,231,1000,0.231
2336,1,32,1000,0.032
2337,1,180,1000,0.18
2338,1,80,1000,0.08
2339,1,90,1000,0.09
2340,1,115,1000,0.115
2341,1,147,1000,0.147
2342,1,82,1000,0.082
2343,1,46,1000,0.046
2344,2,53,1000,0.053
2345,2,57,1000,0.057
2346,2,86,1000,0.086
2347,2,97,1000,0.097
2348,2,92,1000,0.092
2349,2,122,1000,0.122
2350,2,518,1000,0.518
2351,2,4,1000,0.004
2352,2,255,1000,0.255
2353,2,367,1000,0.367
2354,2,68,1000,0.068
2355,3,52,1000,0.052
2356,3,90,1000,0.09
2357,3,84,1000,0.084
2358,3,85,1000,0.085
2359,3,102,1000,0.102
2360,3,94,1000,0.094
2361,3,527,1000,0.527
2362,3,356,1000,0.356
2363,3,82,1000,0.082
2364,3,68,1000,0.068
2365,3,33,1000,0.033
2366,0.25,107,1000,0.107
2367,0.25,194,1000,0.194
2368,0.25,215,1000,0.215
2369,0.25,240,1000,0.24
2370,0.25,228,1000,0.228
2371,0.25,281,1000,0.281
2372,0.25,312,1000,0.312
2373,0.25,278,1000,0.278
2374,0.25,140,1000,0.14
2375,0.25,200,1000,0.2
2376,0.25,149,1000,0.149
2377,0.5,53,1000,0.053
2378,0.5,148,1000,0.148
2379,0.5,358,1000,0.358
2380,0.5,130,1000,0.13
2381,0.5,174,1000,0.174
2382,0.5,149,1000,0.149
2383,0.5,238,1000,0.238
2384,0.5,165,1000,0.165
2385,0.5,17,1000,0.017
2386,0.5,100,1000,0.1
2387,0.5,67,1000,0.067
2388,1,49,1000,0.049
2389,1,105,1000,0.105
2390,1,86,1000,0.086
2391,1,407,1000,0.407
2392,1,114,1000,0.114
2393,1,118,1000,0.118
2394,1,138,1000,0.138
2395,1,92,1000,0.092
2396,1,80,1000,0.08
2397,1,118,1000,0.118
2398,1,59,1000,0.059
2399,2,48,1000,0.048
2400,2,78,1000,0.078
2401,2,116,1000,0.116
2402,2,114,1000,0.114
2403,2,135,1000,0.135
2404,2,138,1000,0.138
2405,2,199,1000,0.199
2406,2,79,1000,0.079
2407,2,98,1000,0.098
2408,2,76,1000,0.076
2409,2,52,1000,0.052
2410,3,48,1000,0.048
2411,3,65,1000,0.065
2412,3,87,1000,0.087
2413,3,89,1000,0.089
2414,3,42,1000,0.042
2415,3,97,1000,0.097
2416,3,130,1000,0.13
2417,3,29,1000,0.029
2418,3,98,1000,0.098
2419,3,60,1000,0.06
2420,3,62,1000,0.062
2421,0.25,116,1000,0.116
2422,0.25,154,1000,0.154
2423,0.25,225,1000,0.225
2424,0.25,200,1000,0.2
2425,0.25,0,1000,0
2426,0.25,242,1000,0.242
2427,0.25,9,1000,0.009
2428,0.25,277,1000,0.277
2429,0.25,280,1000,0.28
2430,0.25,181,1000,0.181
2431,0.25,149,1000,0.149
2432,0.5,62,1000,0.062
2433,0.5,91,1000,0.091
2434,0.5,127,1000,0.127
2435,0.5,144,1000,0.144
2436,0.5,269,1000,0.269
2437,0.5,167,1000,0.167
2438,0.5,169,1000,0.169
2439,0.5,182,1000,0.182
2440,0.5,107,1000,0.107
2441,0.5,96,1000,0.096
2442,0.5,64,1000,0.064
2443,1,47,1000,0.047
2444,1,61,1000,0.061
2445,1,88,1000,0.088
2446,1,97,1000,0.097
2447,1,102,1000,0.102
2448,1,139,1000,0.139
2449,1,55,1000,0.055
2450,1,104,1000,0.104
2451,1,98,1000,0.098
2452,1,92,1000,0.092
2453,1,63,1000,0.063
2454,2,60,1000,0.06
2455,2,75,1000,0.075
2456,2,101,1000,0.101
2457,2,165,1000,0.165
2458,2,7,1000,0.007
2459,2,324,1000,0.324
2460,2,233,1000,0.233
2461,2,42,1000,0.042
2462,2,88,1000,0.088
2463,2,76,1000,0.076
2464,2,48,1000,0.048
2465,3,74,1000,0.074
2466,3,70,1000,0.07
2467,3,144,1000,0.144
2468,3,130,1000,0.13
2469,3,122,1000,0.122
2470,3,122,1000,0.122
2471,3,73,1000,0.073
2472,3,146,1000,0.146
2473,3,82,1000,0.082
2474,3,98,1000,0.098
2475,3,50,1000,0.05
2476,0.25,107,1000,0.107
2477,0.25,215,1000,0.215
2478,0.25,220,1000,0.22
2479,0.25,212,1000,0.212
2480,0.25,648,1000,0.648
2481,0.25,261,1000,0.261
2482,0.25,166,1000,0.166
2483,0.25,259,1000,0.259
2484,0.25,191,1000,0.191
2485,0.25,136,1000,0.136
2486,0.25,82,1000,0.082
2487,0.5,71,1000,0.071
2488,0.5,89,1000,0.089
2489,0.5,282,1000,0.282
2490,0.5,61,1000,0.061
2491,0.5,241,1000,0.241
2492,0.5,166,1000,0.166
2493,0.5,280,1000,0.28
2494,0.5,112,1000,0.112
2495,0.5,133,1000,0.133
2496,0.5,112,1000,0.112
2497,0.5,67,1000,0.067
2498,1,106,1000,0.106
2499,1,102,1000,0.102
2500,1,109,1000,0.109
2501,1,110,1000,0.11
2502,1,160,1000,0.16
2503,1,120,1000,0.12
2504,1,123,1000,0.123
2505,1,116,1000,0.116
2506,1,81,1000,0.081
2507,1,94,1000,0.094
2508,1,50,1000,0.05
2509,2,57,1000,0.057
2510,2,68,1000,0.068
2511,2,86,1000,0.086
2512,2,173,1000,0.173
2513,2,423,1000,0.423
2514,2,87,1000,0.087
2515,2,52,1000,0.052
2516,2,141,1000,0.141
2517,2,179,1000,0.179
2518,2,67,1000,0.067
2519,2,59,1000,0.059
2520,3,78,1000,0.078
2521,3,70,1000,0.07
2522,3,95,1000,0.095
2523,3,74,1000,0.074
2524,3,125,1000,0.125
2525,3,104,1000,0.104
2526,3,111,1000,0.111
2527,3,10,1000,0.01
2528,3,112,1000,0.112
2529,3,110,1000,0.11
2530,3,40,1000,0.04
2531,0.25,107,1000,0.107
2532,0.25,170,1000,0.17
2533,0.25,164,1000,0.164
2534,0.25,200,1000,0.2
2535,0.25,386,1000,0.386
2536,0.25,131,1000,0.131
2537,0.25,215,1000,0.215
2538,0.25,253,1000,0.253
2539,0.25,401,1000,0.401
2540,0.25,129,1000,0.129
2541,0.25,95,1000,0.095
2542,0.5,56,1000,0.056
2543,0.5,90,1000,0.09
2544,0.5,760,1000,0.76
2545,0.5,593,1000,0.593
2546,0.5,165,1000,0.165
2547,0.5,128,1000,0.128
2548,0.5,631,1000,0.631
2549,0.5,200,1000,0.2
2550,0.5,166,1000,0.166
2551,0.5,88,1000,0.088
2552,0.5,83,1000,0.083
2553,1,65,1000,0.065
2554,1,78,1000,0.078
2555,1,96,1000,0.096
2556,1,118,1000,0.118
2557,1,109,1000,0.109
2558,1,299,1000,0.299
2559,1,39,1000,0.039
2560,1,99,1000,0.099
2561,1,112,1000,0.112
2562,1,72,1000,0.072
2563,1,64,1000,0.064
2564,2,60,1000,0.06
2565,2,75,1000,0.075
2566,2,85,1000,0.085
2567,2,85,1000,0.085
2568,2,109,1000,0.109
2569,2,68,1000,0.068
2570,2,272,1000,0.272
2571,2,98,1000,0.098
2572,2,83,1000,0.083
2573,2,70,1000,0.07
2574,2,67,1000,0.067
2575,3,70,1000,0.07
2576,3,68,1000,0.068
2577,3,108,1000,0.108
2578,3,284,1000,0.284
2579,3,694,1000,0.694
2580,3,25,1000,0.025
2581,3,160,1000,0.16
2582,3,94,1000,0.094
2583,3,136,1000,0.136
2584,3,65,1000,0.065
2585,3,55,1000,0.055
2586,0.25,112,1000,0.112
2587,0.25,198,1000,0.198
2588,0.25,332,1000,0.332
2589,0.25,362,1000,0.362
2590,0.25,238,1000,0.238
2591,0.25,264,1000,0.264
2592,0.25,106,1000,0.106
2593,0.25,313,1000,0.313
2594,0.25,157,1000,0.157
2595,0.25,217,1000,0.217
2596,0.25,107,1000,0.107
2597,0.5,328,1000,0.328
2598,0.5,99,1000,0.099
2599,0.5,154,1000,0.154
2600,0.5,43,1000,0.043
2601,0.5,153,1000,0.153
2602,0.5,115,1000,0.115
2603,0.5,166,1000,0.166
2604,0.5,107,1000,0.107
2605,0.5,106,1000,0.106
2606,0.5,92,1000,0.092
2607,0.5,63,1000,0.063
2608,1,51,1000,0.051
2609,1,65,1000,0.065
2610,1,339,1000,0.339
2611,1,76,1000,0.076
2612,1,88,1000,0.088
2613,1,145,1000,0.145
2614,1,108,1000,0.108
2615,1,88,1000,0.088
2616,1,57,1000,0.057
2617,1,71,1000,0.071
2618,1,108,1000,0.108
2619,2,61,1000,0.061
2620,2,93,1000,0.093
2621,2,103,1000,0.103
2622,2,129,1000,0.129
2623,2,394,1000,0.394
2624,2,876,1000,0.876
2625,2,110,1000,0.11
2626,2,97,1000,0.097
2627,2,97,1000,0.097
2628,2,76,1000,0.076
2629,2,52,1000,0.052
2630,3,48,1000,0.048
2631,3,275,1000,0.275
2632,3,77,1000,0.077
2633,3,86,1000,0.086
2634,3,70,1000,0.07
2635,3,154,1000,0.154
2636,3,731,1000,0.731
2637,3,134,1000,0.134
2638,3,128,1000,0.128
2639,3,69,1000,0.069
2640,3,73,1000,0.073
2641,0.25,95,1000,0.095
2642,0.25,196,1000,0.196
2643,0.25,200,1000,0.2
2644,0.25,212,1000,0.212
2645,0.25,76,1000,0.076
2646,0.25,425,1000,0.425
2647,0.25,185,1000,0.185
2648,0.25,257,1000,0.257
2649,0.25,267,1000,0.267
2650,0.25,153,1000,0.153
2651,0.25,78,1000,0.078
2652,0.5,0,1000,0
2653,0.5,99,1000,0.099
2654,0.5,100,1000,0.1
2655,0.5,386,1000,0.386
2656,0.5,184,1000,0.184
2657,0.5,534,1000,0.534
2658,0.5,50,1000,0.05
2659,0.5,43,1000,0.043
2660,0.5,51,1000,0.051
2661,0.5,103,1000,0.103
2662,0.5,67,1000,0.067
2663,1,60,1000,0.06
2664,1,84,1000,0.084
2665,1,93,1000,0.093
2666,1,30,1000,0.03
2667,1,13,1000,0.013
2668,1,124,1000,0.124
2669,1,69,1000,0.069
2670,1,139,1000,0.139
2671,1,104,1000,0.104
2672,1,82,1000,0.082
2673,1,45,1000,0.045
2674,2,41,1000,0.041
2675,2,89,1000,0.089
2676,2,88,1000,0.088
2677,2,131,1000,0.131
2678,2,48,1000,0.048
2679,2,102,1000,0.102
2680,2,136,1000,0.136
2681,2,97,1000,0.097
2682,2,87,1000,0.087
2683,2,65,1000,0.065
2684,2,52,1000,0.052
2685,3,49,1000,0.049
2686,3,39,1000,0.039
2687,3,79,1000,0.079
2688,3,92,1000,0.092
2689,3,165,1000,0.165
2690,3,110,1000,0.11
2691,3,35,1000,0.035
2692,3,137,1000,0.137
2693,3,138,1000,0.138
2694,3,69,1000,0.069
2695,3,52,1000,0.052
2696,0.25,96,1000,0.096
2697,0.25,168,1000,0.168
2698,0.25,179,1000,0.179
2699,0.25,171,1000,0.171
2700,0.25,430,1000,0.43
2701,0.25,323,1000,0.323
2702,0.25,193,1000,0.193
2703,0.25,52,1000,0.052
2704,0.25,313,1000,0.313
2705,0.25,176,1000,0.176
2706,0.25,101,1000,0.101
2707,0.5,59,1000,0.059
2708,0.5,76,1000,0.076
2709,0.5,146,1000,0.146
2710,0.5,108,1000,0.108
2711,0.5,100,1000,0.1
2712,0.5,139,1000,0.139
2713,0.5,11,1000,0.011
2714,0.5,118,1000,0.118
2715,0.5,86,1000,0.086
2716,0.5,121,1000,0.121
2717,0.5,76,1000,0.076
2718,1,51,1000,0.051
2719,1,91,1000,0.091
2720,1,57,1000,0.057
2721,1,823,1000,0.823
2722,1,103,1000,0.103
2723,1,279,1000,0.279
2724,1,99,1000,0.099
2725,1,82,1000,0.082
2726,1,487,1000,0.487
2727,1,79,1000,0.079
2728,1,52,1000,0.052
2729,2,52,1000,0.052
2730,2,78,1000,0.078
2731,2,83,1000,0.083
2732,2,93,1000,0.093
2733,2,747,1000,0.747
2734,2,419,1000,0.419
2735,2,740,1000,0.74
2736,2,145,1000,0.145
2737,2,79,1000,0.079
2738,2,123,1000,0.123
2739,2,60,1000,0.06
2740,3,43,1000,0.043
2741,3,65,1000,0.065
2742,3,90,1000,0.09
2743,3,8,1000,0.008
2744,3,626,1000,0.626
2745,3,98,1000,0.098
2746,3,109,1000,0.109
2747,3,760,1000,0.76
2748,3,10,1000,0.01
2749,3,65,1000,0.065
2750,3,56,1000,0.056
